名前 (元の名前),ユーザーメール,参加時刻,退出時刻,所要時間（分）
次郎1,jiro1…,2020/12/8 8:55,2020/12/8 12:41,226
次郎2,jiro2…,2020/12/8 8:55,2020/12/8 11:17,142
次郎3,jiro3…,2020/12/8 8:56,2020/12/8 12:41,226
次郎4,jiro4…,2020/12/8 8:56,2020/12/8 8:56,1
次郎5,jiro5…,2020/12/8 8:57,2020/12/8 12:41,224
次郎6,jiro6…,2020/12/8 9:02,2020/12/8 9:03,1
次郎7,jiro7…,2020/12/8 9:16,2020/12/8 12:41,205
次郎8,jiro8…,2020/12/8 9:19,2020/12/8 9:31,13
次郎9,jiro9…,2020/12/8 9:24,2020/12/8 10:21,57
次郎10,jiro10…,2020/12/8 9:26,2020/12/8 9:27,2
次郎11,jiro11…,2020/12/8 9:27,2020/12/8 9:34,7
次郎12,jiro12…,2020/12/8 9:31,2020/12/8 9:35,5
次郎13,jiro13…,2020/12/8 9:33,2020/12/8 9:36,4
次郎14,jiro14…,2020/12/8 9:34,2020/12/8 12:41,187
次郎15,jiro15…,2020/12/8 9:34,2020/12/8 11:45,131
次郎16,jiro16…,2020/12/8 9:35,2020/12/8 9:43,8
次郎17,jiro17…,2020/12/8 9:36,2020/12/8 9:36,1
次郎18,jiro18…,2020/12/8 9:37,2020/12/8 12:41,185
次郎19,jiro19…,2020/12/8 9:37,2020/12/8 9:42,5
次郎20,jiro20…,2020/12/8 9:37,2020/12/8 10:47,71
次郎21,jiro21…,2020/12/8 9:37,2020/12/8 9:39,2
次郎22,jiro22…,2020/12/8 9:38,2020/12/8 9:39,2
次郎23,jiro23…,2020/12/8 9:39,2020/12/8 9:39,1
次郎24,jiro24…,2020/12/8 9:40,2020/12/8 12:37,178
次郎25,jiro25…,2020/12/8 9:41,2020/12/8 9:41,1
次郎26,jiro26…,2020/12/8 9:42,2020/12/8 10:54,72
次郎27,jiro27…,2020/12/8 9:43,2020/12/8 12:40,178
次郎28,jiro28…,2020/12/8 9:44,2020/12/8 9:46,2
次郎29,jiro29…,2020/12/8 9:46,2020/12/8 9:47,2
次郎30,jiro30…,2020/12/8 9:46,2020/12/8 10:20,35
次郎31,jiro31…,2020/12/8 9:46,2020/12/8 9:46,1
次郎32,jiro32…,2020/12/8 9:48,2020/12/8 9:57,10
次郎33,jiro33…,2020/12/8 9:48,2020/12/8 9:51,3
次郎34,jiro34…,2020/12/8 9:48,2020/12/8 12:41,173
次郎35,jiro35…,2020/12/8 9:48,2020/12/8 10:46,58
次郎36,jiro36…,2020/12/8 9:49,2020/12/8 9:49,1
次郎37,jiro37…,2020/12/8 9:49,2020/12/8 9:50,1
次郎38,jiro38…,2020/12/8 9:49,2020/12/8 10:55,67
次郎39,jiro39…,2020/12/8 9:50,2020/12/8 10:50,60
次郎40,jiro40…,2020/12/8 9:50,2020/12/8 12:40,170
次郎41,jiro41…,2020/12/8 9:51,2020/12/8 9:51,1
次郎42,jiro42…,2020/12/8 9:51,2020/12/8 9:51,1
次郎43,jiro43…,2020/12/8 9:51,2020/12/8 12:40,169
次郎44,jiro44…,2020/12/8 9:52,2020/12/8 10:17,26
次郎45,jiro45…,2020/12/8 9:52,2020/12/8 12:12,141
次郎46,jiro46…,2020/12/8 9:52,2020/12/8 10:46,54
次郎47,jiro47…,2020/12/8 9:53,2020/12/8 10:52,60
次郎48,jiro48…,2020/12/8 9:53,2020/12/8 10:01,9
次郎49,jiro49…,2020/12/8 9:53,2020/12/8 9:54,1
次郎50,jiro50…,2020/12/8 9:54,2020/12/8 9:59,5
次郎51,jiro51…,2020/12/8 9:56,2020/12/8 10:47,52
次郎52,jiro52…,2020/12/8 9:58,2020/12/8 10:45,47
次郎53,jiro53…,2020/12/8 9:59,2020/12/8 10:59,61
次郎54,jiro54…,2020/12/8 10:00,2020/12/8 10:21,22
次郎55,jiro55…,2020/12/8 10:00,2020/12/8 11:49,110
次郎56,jiro56…,2020/12/8 10:00,2020/12/8 10:47,47
次郎57,jiro57…,2020/12/8 10:03,2020/12/8 10:20,18
次郎58,jiro58…,2020/12/8 10:03,2020/12/8 12:40,157
次郎59,jiro59…,2020/12/8 10:08,2020/12/8 12:34,147
次郎60,jiro60…,2020/12/8 10:09,2020/12/8 12:40,151
次郎61,jiro61…,2020/12/8 10:11,2020/12/8 11:23,73
次郎62,jiro62…,2020/12/8 10:13,2020/12/8 10:19,6
次郎63,jiro63…,2020/12/8 10:19,2020/12/8 10:48,29
次郎64,jiro64…,2020/12/8 10:20,2020/12/8 12:41,141
次郎65,jiro65…,2020/12/8 10:21,2020/12/8 10:49,28
次郎66,jiro66…,2020/12/8 10:22,2020/12/8 10:30,8
次郎67,jiro67…,2020/12/8 10:24,2020/12/8 10:47,24
次郎68,jiro68…,2020/12/8 10:27,2020/12/8 10:47,21
次郎69,jiro69…,2020/12/8 10:27,2020/12/8 10:50,24
次郎70,jiro70…,2020/12/8 10:28,2020/12/8 10:29,1
次郎71,jiro71…,2020/12/8 10:29,2020/12/8 10:29,1
次郎72,jiro72…,2020/12/8 10:33,2020/12/8 10:42,9
次郎73,jiro73…,2020/12/8 10:35,2020/12/8 10:35,1
次郎74,jiro74…,2020/12/8 10:36,2020/12/8 10:37,2
次郎75,jiro75…,2020/12/8 10:40,2020/12/8 12:41,122
次郎76,jiro76…,2020/12/8 10:46,2020/12/8 12:40,114
次郎77,jiro77…,2020/12/8 10:47,2020/12/8 12:40,113
次郎78,jiro78…,2020/12/8 10:47,2020/12/8 10:58,11
次郎79,jiro79…,2020/12/8 10:49,2020/12/8 11:43,54
次郎80,jiro80…,2020/12/8 10:49,2020/12/8 10:50,1
次郎81,jiro81…,2020/12/8 10:52,2020/12/8 11:11,20
次郎82,jiro82…,2020/12/8 10:54,2020/12/8 12:40,106
次郎83,jiro83…,2020/12/8 10:54,2020/12/8 11:45,51
次郎84,jiro84…,2020/12/8 10:55,2020/12/8 10:55,1
次郎85,jiro85…,2020/12/8 10:55,2020/12/8 12:41,107
次郎86,jiro86…,2020/12/8 10:55,2020/12/8 12:40,105
次郎87,jiro87…,2020/12/8 10:56,2020/12/8 11:12,16
次郎88,jiro88…,2020/12/8 10:57,2020/12/8 10:59,3
次郎89,jiro89…,2020/12/8 11:01,2020/12/8 11:09,9
次郎90,jiro90…,2020/12/8 11:02,2020/12/8 11:08,7
次郎91,jiro91…,2020/12/8 11:04,2020/12/8 11:06,2
次郎92,jiro92…,2020/12/8 11:05,2020/12/8 12:40,95
次郎93,jiro93…,2020/12/8 11:07,2020/12/8 12:30,84
次郎94,jiro94…,2020/12/8 11:11,2020/12/8 11:46,35
次郎95,jiro95…,2020/12/8 11:18,2020/12/8 12:40,82
次郎96,jiro96…,2020/12/8 11:20,2020/12/8 11:21,2
次郎97,jiro97…,2020/12/8 11:20,2020/12/8 12:40,80
次郎98,jiro98…,2020/12/8 11:21,2020/12/8 12:40,79
次郎99,jiro99…,2020/12/8 11:21,2020/12/8 12:11,51
次郎100,jiro100…,2020/12/8 11:34,2020/12/8 12:14,40
次郎101,jiro101…,2020/12/8 11:35,2020/12/8 11:38,4
次郎102,jiro102…,2020/12/8 11:41,2020/12/8 12:41,61
次郎103,jiro103…,2020/12/8 11:44,2020/12/8 12:40,56
次郎104,jiro104…,2020/12/8 11:44,2020/12/8 12:41,57
次郎105,jiro105…,2020/12/8 11:45,2020/12/8 12:21,36
次郎106,jiro106…,2020/12/8 11:56,2020/12/8 12:41,45
次郎107,jiro107…,2020/12/8 11:58,2020/12/8 12:00,3
次郎108,jiro108…,2020/12/8 12:02,2020/12/8 12:41,40
次郎109,jiro109…,2020/12/8 12:13,2020/12/8 12:37,25
次郎110,jiro110…,2020/12/8 12:19,2020/12/8 12:40,21
次郎111,jiro111…,2020/12/8 10:18,2020/12/8 10:43,26
次郎112,jiro112…,2020/12/8 10:22,2020/12/8 12:40,138
次郎113,jiro113…,2020/12/8 10:46,2020/12/8 12:41,116
次郎114,jiro114…,2020/12/8 11:11,2020/12/8 12:41,90